"wsid","jmp_classification"
"C001","Protected Spring"
"C002","Protected Well"
"C003","Protected Well"
"C004","Protected Well"
"C006","Tap"
"C007","Tap"
"C008","Tap"
"C009","Tap"
"C010","Tap"
"C011","Tap"
"C012","Unprotected Spring"
"C013","Tap"
"C014","Tap"
"C015","Tap"
"C016","Tap"
"C017","Water Kiosk"
"C018","Water Kiosk"
"C019","Unprotected Spring"
"C020","Protected Spring"
"C021","Protected Well"
"C022","Protected Well"
"C023","Water Kiosk"
"C005","Water Kiosk"
"C025","Protected Well"
"C026","Protected Well"
"C027","Unprotected Well"
"C028","Water Kiosk"
"C029","Water Kiosk"
"C030","Water Kiosk"
"C031","Unprotected Well"
"C032","Tap"
"C033","Tap"
"C034","Tap"
"C035","Protected Well"
"D001","Water Kiosk"
"D002","Protected Well"
"D003","Water Kiosk"
"D004","Protected Well"
"D005","Unprotected Well"
"D006","Unprotected Well"
"D007","Unprotected Well"
"D008","Protected Well"
"D009","Protected Well"
"D010","Protected Well"
"D011","Tap"
"D012","Tap"
"D013","Water Kiosk"
"D014","Water Kiosk"
"D015","Protected Well"
"D016","Protected Well"
"D017","Protected Well"
"D018","Tap"
"D019","Tap"
"D020","Water Kiosk"
"D021","Protected Well"
"D022","Protected Well"
"D023","Protected Well"
"D024","Protected Well"
"D025","Protected Well"
"D026","Protected Well"
"D027","Protected Well"
"D028","Protected Well"
"D029","Protected Well"
"D030","Protected Well"
"D031","Protected Well"
"D032","Protected Well"
"D033","Protected Well"
"D034","Protected Well"
"D035","Protected Well"
"D036","Protected Well"
"D037","Protected Well"
"D038","Protected Well"
"D039","Protected Well"
"D174","Water Kiosk"
"D040","Protected Well"
"D041","Protected Well"
"D042","Protected Well"
"D043","Protected Well"
"D044","Protected Well"
"D045","Protected Well"
"D046","Tap"
"D047","Protected Well"
"D048","Protected Well"
"D049","Protected Well"
"D050","Tap"
"D051","Protected Well"
"D176","Tap"
"D052","Protected Well"
"D053","Water Kiosk"
"D054","Water Kiosk"
"D055","Unprotected Well"
"D056","Protected Well"
"D057","Protected Well"
"D058","Surface Water"
"D059","Unprotected Well"
"D060","Protected Well"
"D061","Water Kiosk"
"D062","Protected Well"
"D063","Water Kiosk"
"D064","Protected Well"
"D065","Protected Well"
"D066","Protected Well"
"D067","Protected Well"
"D068","Protected Well"
"D182","Unprotected Well"
"D069","Protected Well"
"D070","Protected Well"
"D166","Protected Well"
"D071","Protected Well"
"D072","Protected Well"
"D073","Protected Well"
"D074","Protected Well"
"D075","Water Kiosk"
"D076","Protected Well"
"D077","Unprotected Well"
"D078","Protected Well"
"D079","Protected Well"
"D080","Protected Well"
"D081","Unprotected Well"
"D082","Protected Well"
"D083","Protected Well"
"D084","Protected Well"
"D085","Protected Well"
"D086","Protected Well"
"D087","Protected Well"
"D088","Protected Well"
"D089","Protected Well"
"D090","Protected Well"
"D091","Tap"
"D092","Protected Well"
"D093","Protected Well"
"D094","Protected Well"
"D095","Protected Well"
"D096","Protected Well"
"D097","Protected Well"
"D098","Unprotected Well"
"D099","Protected Well"
"D100","Protected Well"
"D101","Protected Well"
"D102","Protected Well"
"D103","Protected Well"
"D104","Protected Well"
"D105","Surface Water"
"D106","Tap"
"D107","Protected Well"
"D108","Protected Well"
"D109","Protected Well"
"D110","Protected Well"
"D111","Unprotected Well"
"D112","Protected Well"
"D113","Surface Water"
"D114","Unprotected Well"
"D115","Unprotected Well"
"D116","Protected Well"
"D117","Surface Water"
"D118","Protected Well"
"D119","Protected Well"
"D120","Protected Well"
"D121","Protected Well"
"D122","Protected Well"
"D123","Unprotected Well"
"D172","Protected Well"
"D173","Protected Well"
"D180","Protected Well"
"D183","Protected Well"
"D184","Protected Well"
"D186","Protected Well"
"D124","Protected Well"
"D125","Protected Well"
"D126","Unprotected Well"
"D127","Protected Well"
"D128","Protected Well"
"D129","Tap"
"D130","Tap"
"D131","Tap"
"D132","Tap"
"D133","Water Kiosk"
"D134","Protected Well"
"D135","Protected Well"
"D137","Protected Well"
"D138","Protected Well"
"D139","Protected Well"
"D140","Protected Well"
"D141","Protected Well"
"D142","Protected Well"
"D143","Protected Well"
"D144","Protected Well"
"D145","Protected Well"
"D146","Protected Well"
"D147","Tap"
"D149","Protected Well"
"D150","Protected Well"
"D151","Protected Well"
"D152","Unprotected Well"
"D153","Protected Well"
"D156","Unprotected Well"
"D160","Tap"
"D161","Tap"
"D175","Protected Well"
"D177","Protected Well"
"D178","Protected Well"
"D179","Protected Well"
"D162","Unprotected Well"
"D163","Tap"
"D164","Protected Well"
"D165","Protected Well"
"D167","Protected Well"
"D168","Protected Well"
"D169","Protected Well"
"D170","Tap"
"D171","Protected Well"
"D181","Protected Well"
"P001","Protected Well"
"P002","Unprotected Well"
"P003","Protected Well"
"P004","Tap"
"P005","Unprotected Well"
"P006","Protected Well"
"P007","Protected Well"
"P008","Protected Well"
"P009","Protected Well"
"P010","Protected Well"
"P011","Protected Well"
"P012","Protected Well"
"P013","Water Kiosk"
"P014","Water Kiosk"
"P015","Tap"
"P016","Protected Well"
"P017","Water Kiosk"
"P018","Protected Well"
"P019","Protected Well"
"P020","Unprotected Well"
"P021","Protected Well"
"P022","Protected Well"
"P023","Unprotected Well"
"P024","Protected Well"
"P025","Water Kiosk"
"P026","Protected Well"
"P027","Water Kiosk"
"P028","Water Kiosk"
"P029","Tap"
"P030","Protected Well"
"P031","Protected Well"
"P032","Water Kiosk"
"P034","Unprotected Well"
"P035","Protected Well"
"P036","Protected Well"
"P037","Protected Well"
"P038","Protected Well"
"P039","Protected Well"
"P040","Protected Well"
"P041","Protected Well"
"P042","Protected Well"
"P043","Water Kiosk"
"P044","Protected Well"
"P045","Tap"
"P046","Water Kiosk"
"P047","Protected Well"
"P048","Water Kiosk"
"P049","Protected Well"
" P053","Unprotected Well"
"P050","Protected Well"
"P051","Unprotected Well"
"P052","Surface Water"
"P053","Unprotected Well"
"P054","Unprotected Well"
"P055","Protected Well"
"P056","Protected Well"
"P057","Protected Well"
"P058","Protected Well"
"P059","Water Kiosk"
"P060","Protected Well"
"P061","Tap"
"P062","Protected Well"
"P063","Protected Well"
"P064","Protected Well"
"P065","Protected Well"
"P066","Protected Well"
"P067","Protected Well"
"P068","Water Kiosk"
"P069","Protected Well"
"P070","Unprotected Well"
